transformation,skewness
Original,1.8828757597682129
log1p,0.12134661989685333
sqrt,0.9431527373310963
Box-Cox,-0.008653002352916217
